no_gesture,stop,victory,mute,ok,like,dislike,frame_path
0.0,0.0009519653,0.003320712,0.0013678995,0.9916278,0.0016705457,0.0010611117,data/1.jpg
0.0,0.0010425508,0.0022024366,0.00039198194,0.99312085,0.0014380919,0.0018040948,data/2.jpg
0.0,0.010544902,0.7345038,0.16160502,0.0065664914,0.07679179,0.009988036,data/3.jpg
